pc蛋蛋,123000,2019-10-13 20:05:18
pc蛋蛋刷蛋器,15100,2019-10-13 20:05:18
pc蛋蛋试玩平台,3860,2019-10-13 20:05:18
pc蛋蛋登录,10900,2019-10-13 20:05:18
pc蛋蛋网站,179000,2019-10-13 20:05:18
pc蛋蛋平台,119000,2019-10-13 20:05:18
pc蛋蛋下载,49300,2019-10-13 20:05:18
pc蛋蛋官网登录,89200,2019-10-13 20:05:18
pc蛋蛋赚官网,34300,2019-10-13 20:05:18
pc蛋蛋预测在线,84000,2019-10-13 20:05:18
pc蛋蛋试玩第一平台,6120,2019-10-13 20:05:18
pc蛋蛋游戏试玩平台,4440,2019-10-13 20:05:18
pc蛋蛋游戏平台官网,23900,2019-10-13 20:05:18
pc蛋蛋官方网站,177000,2019-10-13 20:05:18
pc蛋蛋预测器,66600,2019-10-13 20:05:18
大古pc蛋蛋28预测,11700,2019-10-13 20:05:18
pc蛋蛋网站预测,159000,2019-10-13 20:05:18
pc蛋蛋官网,70200,2019-10-13 20:05:18
pc蛋蛋app,53500,2019-10-13 20:05:18
pc蛋蛋28官网,296000,2019-10-13 20:05:18
